Encuesta | Encuesta | Encuesta,Fecha | Fecha | Fecha,Unnamed: 2_level_0 | Parisi PDG | B/N,Unnamed: 3_level_0 | Jara UpCh | Ind.,Unnamed: 4_level_0 | ME-O Ind. | Unnamed: 4_level_2,Unnamed: 5_level_0 | Kaiser PNL | Unnamed: 5_level_2,Unnamed: 6_level_0 | Kast PRCh | Unnamed: 6_level_2,Unnamed: 7_level_0 | Artés Ind. | Unnamed: 7_level_2,Unnamed: 8_level_0 | Matthei ChGU | Unnamed: 8_level_2,Unnamed: 9_level_0 | Mayne- Nicholls Ind. | Unnamed: 9_level_2,B/N | B/N | Unnamed: 10_level_2,Ind. | Ind. | Unnamed: 11_level_2
,,,,,,,,,,,
Primera vuelta,16 Nov 2025,"19,71%","26,85%","1,20%","13,94%","23,92%","0,66%","12,46%","1,26%",—,—
Activa[78],15 Nov 2025,"16,6%","30,5%","1,3%","15,1%","18,8%","1,4%","12,9%","3,4%",—,—
Atlas Intel[79],15 Nov 2025,"14,4%","33,4%","0,8%","15,5%","18,8%","0,5%","15,0%","1,6%",—,—
Panel Ciudadano[78],13–14 Nov 2025,14%,29%,1%,17%,22%,1%,14%,2%,—,—
Cadem[78],13–14 Nov 2025,13%,29%,1%,18%,22%,1%,14%,2%,—,—
Criteria[78],11–13 Nov 2025,11%,29%,2%,17%,22%,1%,16%,2%,—,—
Black & White[79],12 Nov 2025,10%,29%,1%,19%,21%,1%,18%,2%,—,—
LCN[79],12 Nov 2025,"5,5%","33,6%","0,7%","20,0%","20,3%","0,5%","16,2%","3,2%",—,—
Panel Ciudadano[80],11–12 Nov 2025,12%,29%,1%,17%,22%,1%,15%,3%,—,—
Debate ANATEL (10 de noviembre de 2025),Debate ANATEL (10 de noviembre de 2025),Debate ANATEL (10 de noviembre de 2025),Debate ANATEL (10 de noviembre de 2025),Debate ANATEL (10 de noviembre de 2025),Debate ANATEL (10 de noviembre de 2025),Debate ANATEL (10 de noviembre de 2025),Debate ANATEL (10 de noviembre de 2025),Debate ANATEL (10 de noviembre de 2025),Debate ANATEL (10 de noviembre de 2025),Debate ANATEL (10 de noviembre de 2025),Debate ANATEL (10 de noviembre de 2025)
Panel Ciudadano[81],6–7 Nov 2025,12%,29%,1%,17%,22%,1%,15%,3%,—,—
Cadem[82],5–7 Nov 2025,12%,31%,1%,17%,23%,1%,13%,2%,—,—
Criteria[83],4–6 Nov 2025,12%,27%,2%,17%,25%,1%,14%,2%,—,—
Debate radial ARCHI (4 de noviembre de 2025),Debate radial ARCHI (4 de noviembre de 2025),Debate radial ARCHI (4 de noviembre de 2025),Debate radial ARCHI (4 de noviembre de 2025),Debate radial ARCHI (4 de noviembre de 2025),Debate radial ARCHI (4 de noviembre de 2025),Debate radial ARCHI (4 de noviembre de 2025),Debate radial ARCHI (4 de noviembre de 2025),Debate radial ARCHI (4 de noviembre de 2025),Debate radial ARCHI (4 de noviembre de 2025),Debate radial ARCHI (4 de noviembre de 2025),Debate radial ARCHI (4 de noviembre de 2025)
Inicio de la prohibición legal de difusión de encuestas (2 de noviembre de 2025),Inicio de la prohibición legal de difusión de encuestas (2 de noviembre de 2025),Inicio de la prohibición legal de difusión de encuestas (2 de noviembre de 2025),Inicio de la prohibición legal de difusión de encuestas (2 de noviembre de 2025),Inicio de la prohibición legal de difusión de encuestas (2 de noviembre de 2025),Inicio de la prohibición legal de difusión de encuestas (2 de noviembre de 2025),Inicio de la prohibición legal de difusión de encuestas (2 de noviembre de 2025),Inicio de la prohibición legal de difusión de encuestas (2 de noviembre de 2025),Inicio de la prohibición legal de difusión de encuestas (2 de noviembre de 2025),Inicio de la prohibición legal de difusión de encuestas (2 de noviembre de 2025),Inicio de la prohibición legal de difusión de encuestas (2 de noviembre de 2025),Inicio de la prohibición legal de difusión de encuestas (2 de noviembre de 2025)
Panel Ciudadano[19],30–31 Oct 2025,10%,26%,1%,14%,21%,1%,14%,3%,5%,5%
Activa[84],28–31 Oct 2025,"14,0%","24,9%","1,9%","12,2%","16,9%","0,6%","11,2%","3,4%","8,7%","6,2%"
Cadem[85],28–30 Oct 2025,12%,30%,1%,16%,23%,1%,14%,3%,—,—
Atlas Intel[20],25–30 Oct 2025,"14,2%","33,2%","1,0%","16,8%","16,8%","0,1%","13,9%","1,9%","0,2%","2,0%"
Black & White[86],28–29 Oct 2025,7%,30%,1%,20%,23%,1%,17%,3%,—,—
Criteria[21],27–29 Oct 2025,9%,27%,2%,15%,23%,1%,14%,3%,6%,—
Data Influye[87],23–29 Oct 2025,9%,27%,2%,13%,20%,1%,11%,3%,7%,7%
LCN[22],17–28 Oct 2025,"4,5%","33,5%","0,7%","19,3%","17,7%",0%,"19,3%","4,3%",—,—
Segundo debate presidencial (26 de octubre de 2025),Segundo debate presidencial (26 de octubre de 2025),Segundo debate presidencial (26 de octubre de 2025),Segundo debate presidencial (26 de octubre de 2025),Segundo debate presidencial (26 de octubre de 2025),Segundo debate presidencial (26 de octubre de 2025),Segundo debate presidencial (26 de octubre de 2025),Segundo debate presidencial (26 de octubre de 2025),Segundo debate presidencial (26 de octubre de 2025),Segundo debate presidencial (26 de octubre de 2025),Segundo debate presidencial (26 de octubre de 2025),Segundo debate presidencial (26 de octubre de 2025)
Cadem[23],22–24 Oct 2025,11%,27%,1%,14%,20%,1%,13%,4%,9%,9%
Panel Ciudadano[24],22–24 Oct 2025,11%,25%,1%,13%,22%,1%,16%,2%,4%,5%
Criteria[25],21–23 Oct 2025,9%,28%,2%,13%,23%,1%,13%,4%,7%,—
Black & White[88],21–22 Oct 2025,6%,29%,0%,18%,25%,0%,19%,3%,—,—
Feedback[26],18–22 Oct 2025,"5,9%","30,1%","0,2%","17,5%","22,3%","0,5%","15,4%","1,6%","1,4%","5,1%"
ICSO-UDP[89],17–21 Oct 2025,9%,26%,1%,10%,24%,0%,14%,2%,—,14%
Atlas Intel[27],15–19 Oct 2025,"13,2%","32,7%","0,7%","13,4%","20,1%","1,0%","13,8%","2,1%","0,4%","2,7%"
Panel Ciudadano[28],16–17 Oct 2025,9%,24%,1%,13%,23%,1%,16%,2%,6%,5%
Activa[29],15–17 Oct 2025,"10,4%","25,4%",3%,"8,9%","18,7%","0,6%","12,6%","2,1%","8,5%","9,8%"
Cadem[30],15–17 Oct 2025,11%,26%,1%,12%,22%,1%,14%,4%,9%,9%
Criteria[31],14–17 Oct 2025,9%,29%,1%,12%,24%,0%,15%,3%,7%,—
CEP[32],22 Sep–17 Oct 2025,9%,25%,2%,6%,23%,1%,12%,2%,12%,9%
Inicio de la franja televisiva (17 de octubre de 2025),Inicio de la franja televisiva (17 de octubre de 2025),Inicio de la franja televisiva (17 de octubre de 2025),Inicio de la franja televisiva (17 de octubre de 2025),Inicio de la franja televisiva (17 de octubre de 2025),Inicio de la franja televisiva (17 de octubre de 2025),Inicio de la franja televisiva (17 de octubre de 2025),Inicio de la franja televisiva (17 de octubre de 2025),Inicio de la franja televisiva (17 de octubre de 2025),Inicio de la franja televisiva (17 de octubre de 2025),Inicio de la franja televisiva (17 de octubre de 2025),Inicio de la franja televisiva (17 de octubre de 2025)
Black & White[90],14–15 Oct 2025,4%,30%,0%,16%,27%,1%,18%,3%,—,—
LCN[33],3–13 Oct 2025,"2,3%","36,0%","0,7%","16,7%","20,7%","0,7%","18,3%","4,7%",—,—
Panel Ciudadano[34],9–10 Oct 2025,8%,24%,1%,10%,25%,1%,17%,3%,5%,6%
Cadem[35],8–10 Oct 2025,10%,28%,1%,11%,23%,1%,14%,3%,9%,9%
Criteria[36],7–9 Oct 2025,8%,26%,1%,10%,26%,1%,17%,3%,8%,—
Black & White[91],7–8 Oct 2025,7%,31%,1%,14%,25%,1%,17%,4%,—,—
Signos Analytics[37],25 Sep–4 Oct 2025,"8,8%","28,3%",2%,"8,1%","24,2%","0,5%","13,8%","1,7%","2,3%","10,2%"
Panel Ciudadano[38],2–3 Oct 2025,8%,27%,1%,11%,25%,1%,16%,2%,5%,4%
Cadem[92],1–3 Oct 2025,10%,27%,1%,11%,23%,0%,15%,4%,9%,9%
Criteria[39],30 Sep–2 Oct 2025,8%,27%,1%,10%,26%,1%,17%,4%,6%,—
Black & White[93],30 Sep–1 Oct 2025,7%,28%,1%,14%,27%,1%,19%,2%,2%,2%
Studio Público[94],26–30 Sep 2025,"5,1%","37,5%","0,8%","14,7%","23,9%",0%,"11,9%","3,1%","1,1%","1,9%"
Panel Ciudadano[40],25–26 Sep 2025,9%,25%,2%,10%,25%,0%,16%,3%,5%,5%
Cadem[95],24–26 Sep 2025,9%,26%,1%,11%,23%,0%,17%,5%,8%,8%
Activa[96],23–26 Sep 2025,"11,8%","23,9%","1,4%","10,1%","17,8%","0,7%","11,7%","2,8%","11,3%","8,5%"
Data Influye[97],22–26 Sep 2025,7%,27%,1%,8%,26%,1%,15%,5%,6%,4%
LCN[41],17–26 Sep 2025,"2,8%","37,7%","1,0%","13,8%","22,2%","0,7%","18,2%","4,0%",—,—
Criteria[98],23–25 Sep 2025,9%,30%,2%,10%,24%,1%,14%,3%,7%,—
ICSO-UDP[99],22–25 Sep 2025,"9,6%","27,0%","1,1%","9,6%","24,6%","0,5%","12,2%","4,8%",—,"10,6%"
Black & White[42],23–24 Sep 2025,6%,30%,1%,11%,26%,1%,19%,4%,3%,3%
Data Veritas[100],17–20 Sep 2025,"7,5%","32,4%","0,1%","15,2%","22,2%","0,5%","17,1%","3,2%","1,9%",—
Panel Ciudadano[43],18–19 Sep 2025,10%,23%,1%,9%,25%,1%,17%,4%,5%,5%
Cadem[101],17 Sep 2025,11%,26%,1%,9%,24%,1%,16%,5%,7%,7%
Black & White[102],16–17 Sep 2025,"4,3%","28,9%","0,7%","12,2%","25,9%","0,9%","19,7%","5,5%","0,6%","1,5%"
Criteria[44],15–17 Sep 2025,8%,29%,1%,10%,25%,1%,16%,3%,7%,—
Panel Ciudadano[45],11–12 Sep 2025,9%,24%,2%,10%,24%,1%,16%,4%,5%,5%
Criteria[47],11 Sep 2025,7%,29%,2%,10%,27%,1%,13%,3%,8%,—
Atlas Intel[103],10–14 Sep 2025,14.5%,38.9%,—,9.0%,24.7%,—,11.8%,—,0%,1.2%
Cadem,10–12 Sep 2025,11%,26%,1%,8%,25%,1%,18%,3%,7%,7%
Black & White[104],10–11 Sep 2025,"7,1%","25,7%","0,9%","8,7%","31,6%","0,9%","17,9%","4,0%","1,5%","1,8%"
Signos Analytics[105],9–14 Sep 2025,9%,28.3%,1.5%,6.8%,25.4%,0.3%,13.8%,1.2%,2.5%,11.2%
LCN[46],2–12 Sep 2025,"2,2%","36,2%","1,2%","11,8%","24,7%","0,7%","20,2%","3,2%",—,—
Primer debate presidencial (10 de septiembre de 2025),Primer debate presidencial (10 de septiembre de 2025),Primer debate presidencial (10 de septiembre de 2025),Primer debate presidencial (10 de septiembre de 2025),Primer debate presidencial (10 de septiembre de 2025),Primer debate presidencial (10 de septiembre de 2025),Primer debate presidencial (10 de septiembre de 2025),Primer debate presidencial (10 de septiembre de 2025),Primer debate presidencial (10 de septiembre de 2025),Primer debate presidencial (10 de septiembre de 2025),Primer debate presidencial (10 de septiembre de 2025),Primer debate presidencial (10 de septiembre de 2025)
Panel Ciudadano[48],4–5 Sep 2025,10%,24%,2%,6%,27%,1%,18%,2%,10%,—
Cadem[49],3–5 Sep 2025,11%,28%,1%,8%,26%,1%,16%,2%,7%,7%
Criteria[50],2–4 Sep 2025,7%,29%,1%,9%,27%,0%,17%,2%,8%,—
Black & White[106],2–3 Sep 2025,"5,1%","31,9%","1,6%","9,6%","27,9%","0,6%","18,2%","1,8%","1,2%","2,2%"
Data Influye[107],27–31 Ago 2025,6%,27%,2%,6%,22%,1%,13%,2%,9%,13%
Panel Ciudadano[51],28–29 Ago 2025,10%,24%,2%,7%,28%,0%,14%,2%,5%,8%
Cadem[108],27–29 Ago 2025,11%,26%,3%,8%,27%,0%,14%,2%,9%,9%
Activa[52],26–29 Ago 2025,"11,1%","32,2%","3,4%","7,2%","25,4%","2,0%","17,1%","1,6%",—,—
Activa[52],26–29 Ago 2025,"8,5%","24,6%","2,6%","5,5%","19,4%","1,5%","13,1%","1,2%","10,5%","13,1%"
LCN[53],16–28 Ago 2025,"4,3%","36,0%","1,3%","11,8%","25,2%","0,5%","17,3%","3,5%",—,—
Criteria[54],26–28 Ago 2025,9%,27%,2%,8%,28%,1%,14%,2%,9%,9%
Black & White[109],26–27 Ago 2025,"4,5%","32,0%","1,7%","10,8%","29,9%","0,9%","14,7%","1,9%","2,0%","1,0%"
Atlas Intel[110],20–25 Ago 2025,"15,8%","33,2%",—,"9,2%","21,6%",—,"18,7%",—,"1,5%","1,5%"
Panel Ciudadano[55],21–22 Ago 2025,9%,25%,2%,8%,28%,1%,14%,1%,6%,6%
Cadem[56],20–22 Ago 2025,11%,27%,1%,7%,28%,1%,14%,1%,9%,9%
Criteria[57],19–21 Ago 2025,8%,28%,2%,8%,30%,1%,14%,2%,7%,—
Black & White[111],19–20 Ago 2025,5%,30%,0%,11%,35%,0%,14%,2%,2%,1%
