word1,word2,n
todos,los,196
por,qué,181
antonio,kast,173
josé,antonio,168
jeannette,jara,166
segunda,vuelta,148
las,personas,116
del,estado,114
con,una,112
con,los,108
del,país,99
votar,por,91
por,eso,90
las,elecciones,89
todas,las,89
por,ejemplo,85
con,las,84
redes,sociales,79
los,candidatos,78
sin,embargo,77
del,partido,74
del,gobierno,73
por,los,73
para,los,71
son,los,69
evelyn,matthei,64
https,www.reddit.com,63
los,chilenos,63
una,persona,61
los,votos,57
las,cosas,55
por,kast,54
puede,ser,54
del,trabajo,53
johannes,kaiser,52
partido,comunista,52
cada,vez,51
estados,unidos,51
con,sus,50
las,empresas,50
mil,millones,50
para,las,48
por,las,47
chile,vamos,46
franco,parisi,45
gabriel,boric,45
las,encuestas,45
partido,republicano,45
del,mundo,44
los,derechos,44
nuestro,país,43
adultos,mayores,42
auto,webp,42
crimen,organizado,42
https,preview.redd.it,42
por,una,41
presidente,boric,41
qué,opinan,41
así,como,40
frente,amplio,40
por,jara,40
por,parte,40
primera,vuelta,40
una,vez,40
como,una,39
del,sistema,39
las,mujeres,39
las,propuestas,39
mayne,nicholls,39
del,presidente,38
hay,una,38
los,partidos,38
los,programas,38
parte,del,38
poll,https,38
view,poll,38
www.reddit.com,poll,38
entre,los,37
los,mismos,37
con,kast,36
del,comando,36
más,allá,36
este,gobierno,35
otro,lado,35
para,poder,35
salud,mental,35
es.wikipedia.org,wiki,34
https,es.wikipedia.org,34
tiene,una,34
eduardo,artés,33
este,tipo,33
los,votantes,33
los,últimos,33
sobre,todo,33
este,post,32
fake,news,32
las,condiciones,32
son,las,32
cada,uno,31
elecciones,presidenciales,31
estallido,social,31
format,png,31
kast,por,31
los,primeros,31
pero,también,31
png,auto,31
png,width,31
chile,2025,30
del,pib,30
junto,con,30
las,fuerzas,30
los,medios,30
los,niños,30
los,recursos,30
para,chile,30
para,evitar,30
por,otro,30
punta,peuco,30
solo,por,30
todo,esto,30
del,debate,29
este,año,29
este,hilo,29
las,cuentas,29
los,trabajadores,29
mano,dura,29
mucho,más,29
noticias,nacional,29
pero,con,29
por,quien,29
sobre,los,29
una,situación,29
acuerdo,con,28
con,más,28
derechos,humanos,28
https,www.latercera.com,28
las,calles,28
los,comentarios,28
por,ser,28
dentro,del,27
este,país,27
los,años,27
los,dos,27
los,resultados,27
para,ello,27
primera,vez,27
ser,una,27
sobre,las,27
debate,presidencial,26
del,sector,26
harold,mayne,26
los,políticos,26
panel,ciudadano,26
para,hacer,26
para,ser,26
por,quién,26
del,interior,25
https,www.biobiochile.cl,25
jara,por,25
las,familias,25
otros,países,25
por,sus,25
atención,primaria,24
centro,izquierda,24
del,estallido,24
fuerzas,armadas,24
kast,para,24
las,necesidades,24
los,adultos,24
los,delitos,24
los,otros,24
mismo,tiempo,24
muchas,veces,24
puede,hacer,24
del,mercado,23
entre,otros,23
han,sido,23
kast,pero,23
los,días,23
los,weones,23
sueldo,mínimo,23
www.biobiochile.cl,noticias,23
clase,media,22
como,los,22
cuatro,años,22
fue,una,22
https,www.youtube.com,22
las,redes,22
las,regiones,22
los,gobiernos,22
otra,cosa,22
para,todos,22
para,una,22
por,chile,22
una,nueva,22
candidato,presidencial,21
con,mayor,21
gracias,por,21
https,www.theclinic.cl,21
las,medidas,21
los,datos,21
los,estudiantes,21
los,países,21
los,problemas,21
noticias,pais,21
qué,tan,21
secreto,bancario,21
www.youtube.com,watch,21
cada,día,20
cambio,climático,20
chile,comments,20
chile,por,20
debería,ser,20
del,año,20
del,frente,20
largo,plazo,20
los,comunistas,20
los,proyectos,20
presidente,electo,20
próximo,gobierno,20
todo,eso,20
una,buena,20
una,gran,20
charlie,kirk,19
contra,kast,19
cómo,soluciona,19
del,día,19
del,oficialismo,19
esta,vez,19
este,caso,19
funcionarios,públicos,19
inteligencia,artificial,19
las,afp,19
los,funcionarios,19
los,servicios,19
los,zurdos,19
mercado,laboral,19
ministerio,público,19
nacional,libertario,19
país,con,19
relación,con,19
sector,público,19
una,estrategia,19
una,mujer,19
una,pregunta,19
vez,más,19
6.000,millones,18
adulto,mayor,18
chile,con,18
con,otros,18
cualquier,cosa,18
debe,ser,18
del,ministerio,18
diario,financiero,18
enríquez,ominami,18
esta,elección,18
hablar,con,18
hace,poco,18
hacer,consultas,18
hasta,los,18
las,instituciones,18
las,policías,18
los,delincuentes,18
los,incendios,18
los,más,18
los,principales,18
más,del,18
más,grande,18
partido,nacional,18
san,antonio,18
sector,privado,18
sistema,público,18
tales,como,18
tener,una,18
una,empresa,18
votaron,por,18
algo,así,17
aún,más,17
beneficios,sociales,17
como,las,17
contar,con,17
del,delito,17
del,gasto,17
desde,hace,17
elección,presidencial,17
entre,ellos,17
esta,wea,17
gran,mayoría,17
hacer,una,17
jose,antonio,17
kast,con,17
kast,https,17
las,mismas,17
las,noticias,17
las,protestas,17
los,debates,17
los,hombres,17
los,leo,17
los,nuevos,17
los,procesos,17
mucha,gente,17
país,para,17
pero,creo,17
por,algo,17
tengo,una,17
una,serie,17
américa,latina,16
bío,bío,16
candidatos,presidenciales,16
ciudadano,udd,16
con,jara,16
con,mis,16
con,todo,16
daniel,jadue,16
del,otro,16
desde,los,16
eventual,gobierno,16
impulsaremos,una,16
jorge,quiroz,16
las,cifras,16
las,pymes,16
las,últimas,16
los,casos,16
los,impuestos,16
los,pacos,16
los,sectores,16
opinión,sobre,16
para,enfrentar,16
pero,eso,16
pero,hay,16
por,primera,16
porque,los,16
solo,una,16
una,dictadura,16
una,idea,16
una,ley,16
una,política,16
una,segunda,16
voto,por,16
alguien,más,15
aún,así,15
banco,central,15
con,alguien,15
con,ellos,15
con,eso,15
content,uploads,15
del,candidato,15
después,del,15
durante,los,15
esta,situación,15
este,momento,15
está,bien,15
gasto,público,15
hablando,con,15
ingreso,vital,15
jara,pero,15
kast,sobre,15
los,beneficios,15
los,bots,15
los,extranjeros,15
los,próximos,15
marco,enríquez,15
mario,marcel,15
pero,igual,15
personas,con,15
por,haber,15
todos,sabemos,15
una,especie,15
una,parte,15
una,relación,15
una,wea,15
vuelta,presidencial,15
www.theclinic.cl,2025,15
2da,vuelta,14
aun,así,14
año,pasado,14
con,ella,14
con,respecto,14
contra,los,14
cuando,era,14
cuáles,son,14
del,agua,14
del,impuesto,14
del,metro,14
entre,las,14
ese,momento,14
estado,para,14
extrema,derecha,14
fuera,del,14
han,hecho,14
hasta,ahora,14
https,imgur.com,14
https,suno.com,14
https,www.elmostrador.cl,14
https,www.vicariadelasolidaridad.cl,14
https,x.com,14
jara,https,14
julia,chuñil,14
las,comunas,14
las,dos,14
las,nuevas,14
les,dejo,14
los,cuales,14
los,ingresos,14
los,inmigrantes,14
los,municipios,14
los,precios,14
los,tribunales,14
opinan,ustedes,14
para,discutir,14
para,mejorar,14
pdf,https,14
por,delitos,14
por,más,14
público,privada,14
qué,debería,14
qué,los,14
reino,unido,14
sea,más,14
seguridad,pública,14
sino,por,14
son,más,14
sus,ideas,14
sus,propuestas,14
tal,como,14
una,oportunidad,14
una,red,14
ver,con,14
abuso,sexual,13
alguien,sabe,13
alguna,vez,13
años,para,13
boric,por,13
chile,pero,13
como,para,13
con,ello,13
con,esta,13
con,este,13
contra,del,13
cosa,nostra,13
del,ejecutivo,13
detenidos,desaparecidos,13
educación,superior,13
era,una,13
espacio,para,13
gente,con,13
hay,algo,13
impuesto,territorial,13
kast,como,13
las,cárceles,13
las,leyes,13
las,preguntas,13
licencias,médicas,13
los,demás,13
los,medicamentos,13
los,números,13
medio,ambiente,13
miguel,krassnoff,13
ministerio,del,13
ministra,del,13
nacional,chile,13
otras,cosas,13
para,asegurar,13
para,aumentar,13
para,dar,13
para,qué,13
para,reducir,13
pasar,por,13
pero,ahora,13
pero,por,13
por,ende,13
región,metropolitana,13
sector,político,13
sigue,siendo,13
solo,para,13
sus,hijos,13
todo,chile,13
todo,por,13
todo,tipo,13
todos,lados,13
transporte,público,13
tras,ser,13
una,denuncia,13
una,forma,13
una,semana,13
www.elmostrador.cl,noticias,13
ajuste,fiscal,12
aumento,del,12
candidatos,jeannette,12
casi,todos,12
chile,para,12
chile,tiene,12
como,por,12
como,sociedad,12
con,esto,12
con,foco,12
default,files,12
del,crimen,12
del,lado,12
del,servicio,12
del,voto,12
derecha,chilena,12
dirección,del,12
donde,los,12
esa,wea,12
espacios,públicos,12
estación,central,12
este,tema,12
está,pasando,12
francisco,vidal,12
gustaría,saber,12
haber,sido,12
hay,gente,12
hidrógeno,verde,12
https,radio.uchile.cl,12
https,www.emol.com,12
https,youtu.be,12
inmigración,ilegal,12
instituto,nacional,12
kast,propone,12
los,empresarios,12
los,planes,12
los,venezolanos,12
mejor,para,12
muchas,gracias,12
muy,importante,12
nivel,nacional,12
para,ganar,12
para,quienes,12
para,tener,12
para,ver,12
paz,social,12
pero,los,12
poco,más,12
polémica,por,12
por,falta,12
por,tanto,12
primer,lugar,12
primera,vivienda,12
quien,votar,12
relacionado,con,12
sebastián,piñera,12
sites,default,12
son,muy,12
sus,opiniones,12
sus,votantes,12
una,discusión,12
vote,por,12
voto,obligatorio,12
allá,del,11
asesor,económico,11
bernardo,fontaine,11
capitán,yáber,11
cerca,del,11
clave,para,11
comercio,ilícito,11
como,presidente,11
con,quien,11
cosas,buenas,11
creen,ustedes,11
cuando,los,11
del,2019,11
del,empleo,11
del,mar,11
del,presupuesto,11
del,programa,11
derecha,por,11
dos,veces,11
entre,otras,11
ese,entonces,11
estas,cosas,11
esto,porque,11
está,mal,11
extrema,izquierda,11
fin,del,11
format,pjpg,11
había,sido,11
había,visto,11
han,dicho,11
hay,nada,11
https,www.ciperchile.cl,11
izquierda,chilena,11
jara,para,11
jpg,width,11
kast,kaiser,11
kast,tiene,11
las,autoridades,11
las,capacidades,11
las,normas,11
las,primeras,11
las,principales,11
les,gusta,11
los,fachos,11
los,hogares,11
los,intereses,11
los,mejores,11
los,padres,11
los,valores,11
mediano,plazo,11
mientras,tanto,11
mismo,con,11
más,bien,11
nicolás,grau,11
nivel,global,11
otra,vez,11
otros,candidatos,11
para,eso,11
para,vivir,11
parece,una,11
pasa,con,11
pasa,por,11
pero,nunca,11
pero,para,11
pjpg,auto,11
podría,ser,11
por,ella,11
por,ello,11
por,favor,11
por,kaiser,11
presidente,gabriel,11
prevención,del,11
problema,raíz,11
pulso,ciudadano,11
qué,creen,11
sea,una,11
seguridad,social,11
ser,presidente,11
sus,derechos,11
terminó,con,11
todo,está,11
tres,años,11
una,campaña,11
una,casa,11
una,causa,11
ver,las,11
viña,del,11
votan,por,11
www.emol.com,noticias,11
algo,como,10
arremete,contra,10
bien,pero,10
bla,bla,10
buena,parte,10
campaña,del,10
chile,como,10
chile,está,10
comentario,aquí,10
como,era,10
como,kast,10
como,también,10
con,chile,10
con,esa,10
con,ese,10
con,gente,10
con,tal,10
condenados,por,10
contra,jara,10
cuando,uno,10
del,congreso,10
del,crecimiento,10
del,equipo,10
del,primer,10
del,pueblo,10
del,tema,10
denuncia,por,10
derecha,como,10
donde,hay,10
día,siguiente,10
educación,pública,10
era,muy,10
esa,línea,10
esas,cosas,10
ese,contexto,10
files,2021,10
gobierno,con,10
gobierno,por,10
gran,parte,10
había,una,10
hace,años,10
hace,más,10
hace,unos,10
independiente,ministerio,10
javier,milei,10
las,acciones,10
las,cuales,10
las,escuelas,10
las,listas,10
las,oficinas,10
las,pensiones,10
las,reformas,10
las,víctimas,10
las,weas,10
les,parece,10
los,antecedentes,10
los,fondos,10
los,gringos,10
los,grupos,10
los,migrantes,10
los,paises,10
los,pasos,10
los,sueldos,10
los,temas,10
mano,con,10
millones,por,10
muchas,cosas,10
mucho,tiempo,10
más,bajo,10
más,posible,10
máxima,seguridad,10
nacional,noticia,10
nacional,para,10
ningún,tipo,10
nivel,mundial,10
nuevo,este,10
para,ellos,10
para,este,10
para,pagar,10
para,saber,10
para,trabajar,10
pero,como,10
por,ahí,10
por,alguien,10
por,cierto,10
por,este,10
por,ley,10
por,supuesto,10
primer,semestre,10
próximo,presidente,10
puede,haber,10
quiero,saber,10
quiénes,son,10
qué,pasa,10
qué,pasó,10
regiones,del,10
republicano,josé,10
rol,del,10
sala,cuna,10
salvador,allende,10
ser,contenido,10
ser,más,10
servicios,públicos,10
sin,saber,10
sobre,este,10
sobre,kast,10
sobre,temas,10
soy,una,10
sus,familias,10
sus,redes,10
una,declaración,10
una,elección,10
una,pega,10
una,reducción,10
ustedes,creen,10
vanessa,kaiser,10
varias,veces,10
violencia,intrafamiliar,10
vota,por,10
www.latercera.com,nacional,10
www.vicariadelasolidaridad.cl,sites,10
00am,hora,9
ahora,con,9
alguien,tiene,9
aquí,nadie,9
años,con,9
años,del,9
años,más,9
basta,con,9
cada,año,9
candidato,con,9
candidato,del,9
centro,derecha,9
chile,continental,9
chile,necesita,9
chile,pedir,9
comercio,ambulante,9
como,dice,9
como,uno,9
con,enfoque,9
consultas,simples,9
contenido,directamente,9
cosas,como,9
cuando,hay,9
debate,anatel,9
decir,sea,9
del,banco,9
del,golpe,9
del,mismo,9
del,nuevo,9
del,pdg,9
del,siglo,9
directamente,relacionado,9
discusión,random,9
discutir,todo,9
dos,años,9
día,lunes,9
ejemplo,pero,9
equipo,económico,9
ese,sentido,9
esta,medida,9
estado,con,9
esto,con,9
estoy,seguro,9
estrés,financiero,9
está,haciendo,9
está,muy,9
está,más,9
están,haciendo,9
fue,por,9
fuente,https,9
gasto,social,9
generen,gran,9
global,puede,9
gobierno,del,9
gran,discusión,9
gustavo,gatica,9
hacer,para,9
hacer,todo,9
hacia,los,9
hay,más,9
hilo,para,9
hilo,por,9
hizo,una,9
https,www.fastcheck.cl,9
https,www.instagram.com,9
inversión,privada,9
izquierda,por,9
jair,bolsonaro,9
jeanette,jara,9
kaiser,por,9
las,dudas,9
las,ideas,9
las,siguientes,9
los,ciudadanos,9
los,espacios,9
los,libros,9
los,mas,9
los,mayores,9
los,republicanos,9
manuel,monsalve,9
matthei,por,9
mediante,una,9
medidas,para,9
menor,tamaño,9
mientras,los,9
millones,anuales,9
mismo,día,9
muy,bien,9
muy,poco,9
más,con,9
más,importante,9
más,probable,9
más,visible,9
nacional,2025,9
nombre,del,9
nuevo,gobierno,9
offtopic,qué,9
opinión,pública,9
otras,personas,9
pamela,jiles,9
para,combatir,9
para,justificar,9
para,llegar,9
para,lograr,9
para,mantener,9
partido,radical,9
pedir,opinión,9
pero,cuando,9
plan,nacional,9
políticas,públicas,9
por,años,9
por,culpa,9
por,todos,9
post,nuevo,9
post,propio,9
puedo,decir,9
quieras,decir,9
quién,votar,9
qué,chucha,9
random,semanal,9
reforma,constitucional,9
renueva,cada,9
rodolfo,carter,9
sale,kast,9
sean,offtopic,9
semanal,usen,9
sentido,común,9
ser,así,9
ser,candidato,9
siempre,fue,9
simples,tecnológicas,9
sistema,nacional,9
sociedad,chilena,9
son,tan,9
tenemos,una,9
terminar,con,9
totalmente,viable,9
tratados,internacionales,9
una,candidata,9
una,carrera,9
una,conversación,9
una,familia,9
una,hora,9
una,noticia,9
una,opinión,9
una,primaria,9
una,propuesta,9
una,respuesta,9
una,reunión,9
una,sociedad,9
uploads,2025,9
usen,este,9
visible,aquí,9
votó,por,9
www.fastcheck.cl,2025,9
últimos,años,9
100,mil,8
actual,administración,8
acusación,constitucional,8
algo,más,8
alianzas,público,8
antes,del,8
campaña,presidencial,8
candidata,jara,8
candidata,presidencial,8
carrera,presidencial,8
chile,hay,8
chile,será,8
como,siempre,8
completa,https,8
con,fuerza,8
con,otras,8
con,perú,8
congreso,nacional,8
control,estatal,8
conversación,con,8
crear,una,8
crearemos,una,8
decretos,leyes,8
del,cae,8
del,cep,8
del,comercio,8
del,comunismo,8
del,norte,8
del,pais,8
del,secreto,8
del,servel,8
del,sueldo,8
del,tiempo,8
despidos,por,8
dichos,sobre,8
diputado,republicano,8
dos,personas,8
ellos,los,8
ellos,mismos,8
encuentro,con,8
entre,kast,8
esa,misma,8
ese,mismo,8
ese,país,8
estamos,viendo,8
estas,elecciones,8
este,contexto,8
esto,por,8
estos,temas,8
estoy,diciendo,8
estrategia,nacional,8
fue,muy,8
futuro,gobierno,8
ganó,kast,8
gasto,fiscal,8
hace,falta,8
hacer,nada,8
han,tenido,8
hay,ley,8
hubo,una,8
incluso,más,8
jara,con,8
kast,jara,8
las,críticas,8
las,declaraciones,8
las,palabras,8
las,políticas,8
las,próximas,8
las,razones,8
las,universidades,8
las,votaciones,8
lautaro,carmona,8
les,digo,8
liceos,emblemáticos,8
los,cargos,8
los,centros,8
los,colegios,8
los,costos,8
los,dueños,8
los,equipos,8
los,jóvenes,8
los,militares,8
los,nombres,8
los,peores,8
los,propietarios,8
los,propios,8
los,tiempos,8
los,vecinos,8
menos,del,8
militante,del,8
millones,para,8
más,por,8
nada,más,8
necesarias,para,8
nos,quedamos,8
nuestro,compromiso,8
nuestro,gobierno,8
nueva,york,8
nunca,había,8
otra,persona,8
otro,candidato,8
otro,día,8
otro,país,8
otros,paises,8
para,fortalecer,8
para,luego,8
para,recuperar,8
partido,político,8
partidos,políticos,8
peligro,para,8
pero,aún,8
pero,más,8
pero,siempre,8
pero,sin,8
pero,solo,8
piensa,distinto,8
plata,para,8
podría,hacer,8
política,para,8
política,pero,8
por,acá,8
por,decreto,8
por,esto,8
por,matthei,8
por,parisi,8
por,temas,8
porque,hay,8
presupuesto,2025,8
puede,decir,8
puede,pasar,8
puede,ver,8
público,con,8
público,privadas,8
quería,saber,8
quienes,son,8
qué,tiene,8
realmente,los,8
salir,del,8
salud,para,8
salud,pública,8
santiago,centro,8
seguridad,municipal,8
según,los,8
siempre,con,8
social,para,8
son,una,8
sus,propios,8
sus,seguidores,8
tanto,por,8
tercer,lugar,8
todas,esas,8
todo,para,8
transformación,digital,8
tras,críticas,8
una,cuestión,8
una,decisión,8
una,entrevista,8
una,falta,8
una,guerra,8
una,mina,8
una,señal,8
una,victoria,8
unos,pocos,8
ver,los,8
vidrio,blindado,8
voten,por,8
vuelta,con,8
www.visionofhumanity.org,maps,8
acceso,universal,7
actividad,física,7
alberto,mayol,7
alguna,forma,7
algún,tipo,7
alza,del,7
america,latina,7
artificial,para,7
augusto,pinochet,7
años,atrás,7
años,pero,7
bio,bio,7
cada,región,7
camila,vallejo,7
candidata,comunista,7
candidata,del,7
carabineros,para,7
causa,por,7
chileno,promedio,7
clase,política,7
colaboración,público,7
como,creen,7
como,este,7
como,país,7
comunista,jara,7
con,datos,7
con,visa,7
con,énfasis,7
condenado,por,7
condiciones,para,7
conjunto,con,7
corina,machado,7
corto,plazo,7
cuando,las,7
cuenta,individual,7
cárcel,por,7
darío,quiroga,7
debate,sobre,7
del,apruebo,7
del,corxea,7
del,ejército,7
del,ingreso,7
del,proyecto,7
del,sii,7
del,valor,7
desarrollo,del,7
detenido,por,7
donde,las,7
durante,las,7
elección,pasada,7
empleados,públicos,7
entre,sus,7
era,más,7
esa,persona,7
escuela,militar,7
ese,año,7
esta,mañana,7
esta,propuesta,7
esta,semana,7
estaba,pensando,7
estar,con,7
estas,personas,7
este,domingo,7
este,problema,7
este,video,7
estos,años,7
estos,dos,7
estos,son,7
estos,weones,7
fondo,solidario,7
fueron,los,7
gana,kast,7
gente,común,7
gestión,del,7
gobierno,actual,7
gobierno,kast,7
gobiernos,regionales,7
gran,cantidad,7
haber,una,7
habría,sido,7
hacer,campaña,7
hacer,eso,7
hasta,las,7
hay,mucho,7
hola,gente,7
https,elpais.com,7
https,www.adnradio.cl,7
implementaremos,una,7
indemnización,por,7
inmigrantes,ilegales,7
inversión,pública,7
jara,como,7
jara,tras,7
kast,dice,7
kast,porque,7
las,armas,7
las,candidaturas,7
las,comunidades,7
las,condes,7
las,distintas,7
las,expectativas,7
las,exportaciones,7
las,fronteras,7
las,herramientas,7
las,licencias,7
las,mejores,7
las,mentiras,7
las,primarias,7
las,reglas,7
las,relaciones,7
les,importa,7
les,pasa,7
lesa,humanidad,7
levantamiento,del,7
los,abusos,7
los,acuerdos,7
los,animales,7
los,asesores,7
los,ataques,7
los,barrios,7
los,cambios,7
los,crímenes,7
los,del,7
los,efectos,7
los,estándares,7
los,hechos,7
los,lagos,7
los,médicos,7
los,nazis,7
los,organismos,7
los,pobres,7
los,subsidios,7
los,tres,7
los,trolls,7
los,videos,7
los,viejos,7
lugar,con,7
mayoría,parlamentaria,7
michelle,bachelet,7
miembros,del,7
mismo,pero,7
muy,difícil,7
muy,mala,7
muy,probablemente,7
más,caro,7
más,eficiente,7
más,fácil,7
más,plata,7
más,pobres,7
más,votos,7
nada,por,7
nadie,tiene,7
necesario,para,7
noticias,falsas,7
nunca,más,7
oportunidad,para,7
pablo,chill,7
para,cada,7
para,construir,7
para,detectar,7
para,entender,7
para,estar,7
para,identificar,7
para,implementar,7
para,impulsar,7
para,muchos,7
para,obtener,7
para,proteger,7
para,realizar,7
para,salir,7
para,todo,7
para,ustedes,7
para,votar,7
parisi,por,7
pensamiento,crítico,7
pero,bueno,7
pero,desde,7
pero,hoy,7
personas,mayores,7
personas,por,7
población,penal,7
poder,para,7
politica,noticia,7
política,del,7
por,caso,7
por,todo,7
por,violencia,7
precio,justo,7
presupuesto,2026,7
primer,año,7
problemas,con,7
programas,sociales,7
próximas,elecciones,7
próximo,año,7
puede,tener,7
pueden,ser,7
puedo,creer,7
puedo,hacer,7
puerto,montt,7
puras,weas,7
quien,fue,7
quienes,tienen,7
qué,chile,7
qué,les,7
recursos,para,7
red,social,7
reducción,del,7
región,del,7
resto,del,7
ruidos,molestos,7
salario,mínimo,7
sea,por,7
seguridad,para,7
servicio,nacional,7
siguen,siendo,7
sino,porque,7
sobre,esto,7
solo,con,7
solo,los,7
solo,quiero,7
sus,dichos,7
tal,vez,7
tener,más,7
tengo,entendido,7
tengo,idea,7
tiempo,para,7
tiene,más,7
toda,latinoamérica,7
todo,este,7
todo,evento,7
todos,son,7
técnico,profesional,7
una,amenaza,7
una,amiga,7
una,cosa,7
una,diferencia,7
una,ideología,7
una,locura,7
una,manera,7
una,mayor,7
una,organización,7
una,realidad,7
una,reforma,7
una,tasa,7
viviendas,sociales,7
voto,extranjero,7
votos,para,7
www.adnradio.cl,2025,7
www.latercera.com,politica,7
últimas,semanas,7
2017,cuando,6
agua,para,6
ahora,tiene,6
algo,parecido,6
algo,tan,6
alguien,con,6
algún,momento,6
alto,costo,6
ambos,lados,6
análisis,del,6
aquí,está,6
aquí,las,6
así,por,6
aumentar,las,6
año,para,6
años,como,6
años,por,6
años,sin,6
bernarda,vera,6
cada,candidato,6
candidata,oficialista,6
capital,humano,6
casi,todo,6
caso,procultura,6
chile,donde,6
chile,lidera,6
comando,con,6
comments,1mzz0qf,6
comments,1n0tmt8,6
como,algo,6
como,candidato,6
como,están,6
como,son,6
como,tal,6
comparado,con,6
con,algo,6
con,armas,6
con,estos,6
con,licencia,6
con,medidas,6
con,menos,6
con,milei,6
con,nuestro,6
con,personas,6
condena,por,6
condiciones,laborales,6
contra,las,6
control,fronterizo,6
convenios,con,6
crecimiento,económico,6
críticas,por,6
cuales,son,6
cualquier,otro,6
cuando,alguien,6
cuando,estaba,6
cuenta,con,6
cuentas,trolls,6
cuidado,con,6
cumplimiento,tributario,6
cuál,problema,6
cómo,creen,6
cómo,ven,6
debate,archi,6
debate,público,6
debe,estar,6
debería,haber,6
debería,hacer,6
decisión,del,6
del,asunto,6
del,caso,6
del,centro,6
del,código,6
del,derecho,6
del,desarrollo,6
del,discurso,6
del,hijo,6
del,litio,6
del,ministro,6
del,narcotráfico,6
del,orden,6
del,pasado,6
del,plazo,6
del,problema,6
del,próximo,6
del,rechazo,6
del,tren,6
derecha,para,6
derechos,laborales,6
desde,las,6
desde,una,6
detenidos,por,6
deuda,pública,6
diego,pardow,6
diferencia,entre,6
dos,candidatos,6
dos,semanas,6
déficit,estructural,6
déficit,fiscal,6
economía,por,6
eduardo,artes,6
eficiencia,del,6
elecciones,2025,6
elecciones,parlamentarias,6
empleo,público,6
energías,renovables,6
entre,ambos,6
entrevista,con,6
era,diputado,6
esa,forma,6
escudo,fronterizo,6
ese,tipo,6
eso,mismo,6
eso,porque,6
esos,años,6
esos,días,6
espectro,político,6
esta,bien,6
esta,gente,6
esta,pregunta,6
estas,situaciones,6
este,nivel,6
este,nuevo,6
este,punto,6
este,sector,6
este,subreddit,6
este,viernes,6
este,último,6
esto,para,6
esto,pero,6
estos,casos,6
estos,últimos,6
está,todo,6
existe,una,6
explica,por,6
explotación,sexual,6
fast,track,6
felipe,kast,6
fidel,castro,6
forma,parte,6
fortalecer,los,6
fraude,electoral,6
fue,más,6
fuerza,del,6
fuerzas,del,6
gente,está,6
gobierno,anterior,6
gran,escala,6
habla,sobre,6
hace,rato,6
hace,una,6
hacer,algo,6
hacerse,cargo,6
han,estado,6
han,visto,6
hasta,hoy,6
hay,alguna,6
hay,muchas,6
hay,personas,6
horas,laborales,6
horas,para,6
http,www.imdb.com,6
https,kast.cl,6
https,nsarchive2,6
idea,del,6
imagen,del,6
implementación,del,6
impuestos,internos,6
incompatibles,con,6
informe,del,6
ingreso,mínimo,6
investigación,por,6
jara,confirma,6
jara,fue,6
jara,kast,6
junta,militar,6
kast,defiende,6
kast,desde,6
kast,eso,6
kast,llega,6
kast,matthei,6
lado,del,6
las,causas,6
las,consecuencias,6
las,conversaciones,6
las,denuncias,6
las,finanzas,6
las,firmas,6
las,funciones,6
las,investigaciones,6
las,manos,6
las,mesas,6
las,presidenciales,6
las,proyecciones,6
las,puertas,6
las,unidades,6
las,vacunas,6
las,zonas,6
ley,única,6
lograremos,implementaremos,6
los,actores,6
los,autos,6
los,dias,6
los,dichos,6
los,distintos,6
los,extremos,6
los,grandes,6
los,ideales,6
los,memes,6
los,ministerios,6
los,ocho,6
los,pacientes,6
los,politicos,6
los,privados,6
los,profesionales,6
los,puntos,6
los,ratones,6
los,restos,6
los,wnes,6
luis,hermosilla,6
líder,del,6
maps,https,6
materias,primas,6
mayne,nichols,6
mejor,opción,6
mejorar,las,6
meses,del,6
mil,pesos,6
mis,amigos,6
misma,wea,6
mucho,mas,6
mucho,menos,6
muy,buena,6
muy,probable,6
más,alta,6
más,altas,6
más,complejo,6
más,rápido,6
más,temprano,6
mínimo,para,6
nacional,del,6
nadie,quiere,6
ningún,candidato,6
noticia,completa,6
nsarchive2,gwu.edu,6
nuestra,cultura,6
nueva,constitución,6
nueva,ley,6
nuevas,generaciones,6
nuevo,presidente,6
nuevo,sistema,6
nunca,han,6
obra,barata,6
oportunidades,para,6
organización,criminal,6
osamentas,sin,6
para,abordar,6
para,ampliar,6
para,apoyar,6
para,decir,6
para,frenar,6
para,jara,6
para,kast,6
para,nada,6
para,niños,6
para,promover,6
para,quien,6
para,recibir,6
para,siempre,6
para,sobrevivir,6
para,sus,6
parisi,con,6
pasado,por,6
pasó,con,6
patricio,góngora,6
país,está,6
países,como,6
pensar,distinto,6
pepe,auth,6
pero,después,6
pero,ese,6
pero,está,6
pero,luego,6
pero,quiero,6
persecución,penal,6
persona,con,6
plata,del,6
poco,menos,6
poder,judicial,6
política,como,6
por,cada,6
por,debajo,6
por,ese,6
por,medio,6
por,necesidad,6
por,pensar,6
por,razones,6
por,sobre,6
por,tener,6
por,uso,6
post,elecciones,6
post,para,6
previsión,social,6
primer,ministro,6
primera,dama,6
privada,para,6
privadas,para,6
problema,real,6
propiedad,privada,6
proyecto,político,6
pudo,haber,6
pueda,hacer,6
pueden,hacer,6
público,para,6
quien,chucha,6
quiero,ver,6
quién,era,6
qué,cosas,6
qué,piensan,6
radio.uchile.cl,2025,6
razones,por,6
recorte,fiscal,6
refugiados,palestinos,6
registro,civil,6
relevantes,para,6
reunión,con,6
ricarte,soto,6
sea,necesario,6
segundo,lugar,6
seguridad,pero,6
seis,años,6
ser,humano,6
ser,muy,6
ser,tan,6
sexual,infantil,6
sido,una,6
siglo,xxi,6
sin,afectar,6
sin,miedo,6
sin,ningún,6
sin,pega,6
sistema,político,6
situación,del,6
social,por,6
sociales,con,6
sociales,por,6
solo,porque,6
somos,los,6
son,del,6
son,ellos,6
son,todos,6
son,unos,6
superioridad,moral,6
sus,ciudadanos,6
sus,votos,6
también,hay,6
tan,mal,6
tener,hijos,6
tiene,derecho,6
tiene,miedo,6
tienen,los,6
tienen,una,6
tiny,desk,6
todas,estas,6
todo,los,6
todo,pero,6
todos,estos,6
todos,sus,6
total,del,6
trabajo,para,6
través,del,6
una,cantidad,6
una,chica,6
una,crisis,6
una,cuenta,6
una,democracia,6
una,duda,6
una,frase,6
una,imagen,6
una,investigación,6
una,mala,6
una,operación,6
una,plataforma,6
una,postura,6
una,sensación,6
una,subalterna,6
una,vergüenza,6
vamos,viendo,6
varios,años,6
ver,como,6
ver,cómo,6
verdad,siento,6
vida,laboral,6
video,donde,6
votado,por,6
votando,por,6
votar,nulo,6
weas,así,6
www.imdb.com,title,6
ximena,rincón,6
youtube.com,shorts,6
áreas,verdes,6
último,año,6
100,millones,5
2025,con,5
2025,https,5
4to,medio,5
actúa,como,5
adn,radio,5
agilizar,permisos,5
agua,potable,5
ahora,por,5
algo,asi,5
algo,mas,5
algo,similar,5
alguna,manera,5
algunas,personas,5
alto,hospicio,5
ambos,candidatos,5
ante,los,5
ante,una,5
apunta,contra,5
armar,una,5
arresto,domiciliario,5
asi,como,5
así,con,5
así,pero,5
avanzaremos,hacia,5
axel,kaiser,5
baja,del,5
bajar,impuestos,5
barros,luco,5
bien,como,5
bien,común,5
bienes,nacionales,5
black,white,5
boca,hablando,5
boric,vuelve,5
bueno,eso,5
buenos,aires,5
campañas,políticas,5
candidato,pero,5
candidatos,por,5
cantante,urbano,5
capacidad,instalada,5
cargo,del,5
carolina,tohá,5
casi,imposible,5
casi,siempre,5
caso,convenios,5
caso,monsalve,5
caso,más,5
cerro,navia,5
chile,grande,5
chile,hace,5
chile,https,5
chile,nunca,5
chileno,común,5
claudio,crespo,5
colo,colo,5
comercio,ilegal,5
comisión,investigadora,5
comisión,revisora,5
como,alguien,5
como,arma,5
como,herramienta,5
como,kaiser,5
como,mano,5
como,persona,5
comunas,más,5
comunista,chileno,5
comunista,votaron,5
con,atención,5
con,escorts,5
con,estándares,5
con,experiencia,5
con,fines,5
con,josé,5
con,leyes,5
con,matthei,5
con,nadie,5
con,nosotros,5
con,otra,5
con,problemas,5
con,tecnología,5
con,toda,5
con,universidades,5
con,ustedes,5
constanza,martínez,5
construir,una,5
contará,con,5
continuidad,del,5
cooperativa.cl,noticias,5
coordinación,con,5
cosas,más,5
crecimiento,del,5
cristián,valenzuela,5
cruz,coke,5
cualquier,momento,5
cualquier,tipo,5
cuando,fue,5
cuando,hablan,5
cuando,nos,5
cuando,sea,5
cuál,sería,5
cárceles,para,5
dar,una,5
data,center,5
datos,del,5
debate,político,5
debate,por,5
debería,estar,5
del,auto,5
del,balotaje,5
del,chileno,5
del,crédito,5
del,deporte,5
del,dinero,5
del,entonces,5
del,exministro,5
del,fondo,5
del,grupo,5
del,habla,5
del,meme,5
del,modelo,5
del,personal,5
del,plan,5
del,post,5
del,profesor,5
del,río,5
del,suelo,5
del,terreno,5
del,tipo,5
del,total,5
del,título,5
del,uso,5
del,video,5
delitos,graves,5
derecha,con,5
derecha,liberal,5
derecha,pero,5
derecha,tradicional,5
derechos,fundamentales,5
derechos,sociales,5
desarrollo,social,5
desde,entonces,5
desde,siempre,5
detrás,del,5
dice,nada,5
don,francisco,5
donald,trump,5
dorothy,pérez,5
durante,este,5
durante,nuestro,5
eduardo,frei,5
educación,media,5
educación,para,5
efectiva,para,5
elisa,loncon,5
ella,pero,5
emergencia,habitacional,5
encontrar,pega,5
encontré,con,5
encuesta,cadem,5
entiendo,porque,5
entre,ellas,5
entre,jara,5
entre,todos,5
esa,conversación,5
esa,gente,5
esas,personas,5
esas,son,5
ese,caso,5
ese,día,5
ese,tiempo,5
eso,hace,5
eso,les,5
eso,pero,5
eso,sería,5
espacio,público,5
esta,campaña,5
esta,forma,5
esta,noticia,5
esta,señora,5
estaba,por,5
estaba,viendo,5
estado,del,5
estado,por,5
estas,son,5
este,mes,5
este,mismo,5
este,sistema,5
esto,tiene,5
estos,mismos,5
estos,tiempos,5
estoy,viendo,5
está,dando,5
está,diciendo,5
está,ocurriendo,5
están,dispuestos,5
están,los,5
excusa,para,5
explosivo,aumento,5
familia,kast,5
fiestas,patrias,5
foto,con,5
fotos,del,5
franja,electoral,5
frontera,con,5
fue,condenado,5
fue,cuando,5
fue,denunciado,5
fuegos,artificiales,5
fuera,por,5
fueron,muy,5
ganar,una,5
giorgio,jackson,5
glosa,republicana,5
gobernar,con,5
gobierno,comunista,5
gonzalo,winter,5
grandes,empresas,5
gustan,los,5
gustavo,petro,5
hablar,sobre,5
hace,mucho,5
hace,muy,5
hace,unas,5
hacen,los,5
hacer,política,5
hacia,las,5
han,ido,5
hasta,ahí,5
hasta,hace,5
hay,alguien,5
hay,espacio,5
hay,mucha,5
hay,muchos,5
haya,sido,5
hecho,por,5
hemos,tenido,5
hijos,por,5
hospitales,públicos,5
hoy,día,5
hoy,los,5
html,https,5
https,cooperativa.cl,5
https,eldesconcierto.cl,5
https,live.decidechile.cl,5
https,reddit.com,5
https,www.ex,5
https,www.infobae.com,5
https,www.t13,5
https,youtube.com,5
hubiera,hecho,5
hubiera,pasado,5
ignacio,briones,5
importante,para,5
independiente,del,5
infraestructura,crítica,5
infraestructura,penitenciaria,5
ingresos,fiscales,5
inmigrantes,irregulares,5
inmigrantes,para,5
inversión,extranjera,5
jaime,guzmán,5
jara,dice,5
jara,los,5
jara,presenta,5
jara,sobre,5
jardines,infantiles,5
jornada,laboral,5
justicia,social,5
kast,fue,5
kast,ganó,5
kast,partido,5
kast,podría,5
kast,responde,5
kast,son,5
kast,tras,5
kast,tuvo,5
kast,una,5
laboral,con,5
largo,del,5
las,acusaciones,5
las,campañas,5
las,casas,5
las,contribuciones,5
las,culturas,5
las,cámaras,5
las,demandas,5
las,demás,5
las,derechas,5
las,diferencias,5
las,fake,5
las,imágenes,5
las,inversiones,5
las,lucas,5
las,manifestaciones,5
las,mejoras,5
las,mipymes,5
las,más,5
las,obras,5
las,oportunidades,5
las,otras,5
las,peores,5
las,pequeñas,5
las,promesas,5
las,sanciones,5
las,tareas,5
las,tasas,5
las,vacaciones,5
las,viviendas,5
laura,albornoz,5
leer,los,5
legítima,defensa,5
les,cuento,5
les,dije,5
les,dijo,5
les,sirve,5
ley,20.000,5
ley,para,5
libre,comercio,5
licencia,médica,5
licencias,falsas,5
link,https,5
llamado,del,5
los,abogados,5
los,actos,5
los,andes,5
los,anteriores,5
los,argentinos,5
los,canales,5
los,cesfam,5
los,chinos,5
los,desafíos,5
los,detalles,5
los,diputados,5
los,discursos,5
los,empleados,5
los,empleos,5
los,errores,5
los,estudios,5
los,huevos,5
los,invitados,5
los,judíos,5
los,mensajes,5
los,meses,5
los,miembros,5
los,ojos,5
los,presidentes,5
los,presupuestos,5
los,procedimientos,5
los,progres,5
los,recortes,5
los,regimenes,5
los,requisitos,5
los,sistemas,5
los,trámites,5
los,ultimos,5
los,vamos,5
lugar,donde,5
luz,del,5
mal,gobierno,5
malas,decisiones,5
manera,muy,5
manifiesto,comunista,5
mario,desbordes,5
matthei,fue,5
matthei,para,5
matthei,pero,5
mayoría,son,5
medianas,empresas,5
medicamentos,esenciales,5
menos,malo,5
mental,para,5
miembro,del,5
mientras,más,5
migrantes,irregulares,5
ministro,del,5
mis,compañeros,5
mis,papás,5
misma,forma,5
misma,línea,5
mismo,nivel,5
mitad,del,5
movimientos,sociales,5
mucho,gusto,5
mundo,del,5
muy,mal,5
más,aún,5
más,gente,5
más,info,5
más,inversión,5
más,profundo,5
más,rico,5
mínimo,mensual,5
nada,con,5
nada,pero,5
necesarios,para,5
nos,dicen,5
nos,hemos,5
nos,permita,5
nos,vamos,5
nuestros,niños,5
nuestros,vecinos,5
nuevas,cárceles,5
nuevas,tecnologías,5
nuevo,equipo,5
nuevos,proyectos,5
nunca,antes,5
obras,públicas,5
ocho,candidatos,5
oficialista,jeannette,5
operación,sitio,5
opta,por,5
orden,público,5
pagando,por,5
pago,por,5
para,bajar,5
para,crear,5
para,cubrir,5
para,darle,5
para,decidir,5
para,dejar,5
para,determinar,5
para,elevar,5
para,ese,5
para,facilitar,5
para,financiar,5
para,fomentar,5
para,generar,5
para,hacerlo,5
para,lograrlo,5
para,nuestro,5
para,otro,5
para,permitir,5
para,poner,5
para,prevenir,5
para,reformar,5
para,verificar,5
paraísos,fiscales,5
parisi,pero,5
partido,social,5
partido,socialista,5
pasa,algo,5
pasando,por,5
pasar,con,5
país,donde,5
país,medida,5
país,más,5
país,tiene,5
pero,cada,5
pero,este,5
pero,las,5
pero,tampoco,5
persecución,política,5
persona,como,5
personas,naturales,5
personas,para,5
peuco,como,5
piensan,ustedes,5
pinochet,https,5
plan,para,5
plataformas,digitales,5
poco,después,5
poco,por,5
podrá,ser,5
podría,decir,5
podría,haber,5
política,chilena,5
política,nacional,5
política,por,5
político,para,5
por,boric,5
por,causa,5
por,completo,5
por,dichos,5
por,esta,5
por,gente,5
por,hijo,5
por,internet,5
por,leer,5
por,motivos,5
por,pinochet,5
por,presunta,5
por,recorte,5
por,robo,5
por,segunda,5
por,varios,5
por,vida,5
por,voto,5
por,último,5
porque,así,5
porque,creen,5
porque,era,5
porque,les,5
postura,política,5
presidenciales,2025,5
presidenciales,chile,5
presidente,del,5
presidente,kast,5
presidente,piñera,5
primer,gobierno,5
programa,económico,5
programas,públicos,5
propuesta,constitucional,5
proyeccion,elecciones,5
proyecto,para,5
pueda,dar,5
puente,alto,5
pulso,noticia,5
puras,cosas,5
público,pero,5
públicos,como,5
queda,con,5
querella,contra,5
quienes,votaron,5
quiero,ser,5
qué,decir,5
qué,hace,5
qué,hacer,5
qué,hay,5
qué,opina,5
qué,vergüenza,5
radio,bío,5
raíz,del,5
recta,final,5
recursos,con,5
recursos,públicos,5
red,nacional,5
reddit.com,link,5
reforma,tributaria,5
relacionada,con,5
relacionadas,con,5
requiere,una,5
resultados,electorales,5
richard,barría,5
rodrigo,topelberg,5
ruta,del,5
saber,cómo,5
salga,kast,5
salida,del,5
salir,con,5
salud,educación,5
san,miguel,5
sea,para,5
sea,solo,5
seguir,siendo,5
segunda,vez,5
seguridad,nacional,5
seis,meses,5
ser,considerado,5
ser,parte,5
servicios,del,5
siempre,los,5
siempre,son,5
simplemente,son,5
sin,problemas,5
sirve,para,5
sistema,actual,5
soberanía,nacional,5
social,cristiano,5
sociedad,nacional,5
solo,tengo,5
son,cosas,5
son,dos,5
son,personas,5
son,solo,5
suficiente,para,5
sus,declaraciones,5
sus,necesidades,5
sus,objetivos,5
sus,predicciones,5
sus,propias,5
sus,proyectos,5
también,con,5
tanta,wea,5
tener,las,5
tenía,razón,5
tercera,edad,5
tercera,estrofa,5
terminó,por,5
terminó,renunciando,5
tiene,alguna,5
tiene,sentido,5
tiene,todo,5
todo,ese,5
todos,hemos,5
tolerancia,cero,5
trabajo,con,5
tras,debate,5
tras,dichos,5
tyler,robinson,5
ultra,derecha,5
una,amplia,5
una,autocrítica,5
una,baja,5
una,base,5
una,canción,5
una,candidatura,5
una,cartera,5
una,comunista,5
una,cultura,5
una,década,5
una,emergencia,5
una,estructura,5
una,eventual,5
una,figura,5
una,fuente,5
una,fuerza,5
una,herramienta,5
una,lista,5
una,marcha,5
una,mirada,5
una,muy,5
una,pelea,5
una,posición,5
una,redflag,5
una,verdadera,5
una,vida,5
una,visión,5
una,vivienda,5
unión,soviética,5
uno,puede,5
unos,días,5
valor,agregado,5
ventanilla,única,5
vez,mas,5
vida,personal,5
video,del,5
violento,turbazo,5
vivienda,propia,5
votantes,obligados,5
vuelta,contra,5
vínculo,con,5
www.ex,ante.cl,5
www.latercera.com,pulso,5
